rider_id,name,email,phone,created_at
1,Rider1,rider1132@mail.com,9324268160,2024-01-01 03:41:39
2,Rider2,rider2360@mail.com,9481754688,2025-03-10 00:22:40
3,Rider3,rider3477@mail.com,9464111891,2025-03-09 09:41:03
4,Rider4,rider4586@mail.com,9704336617,2023-08-17 12:24:20
5,Rider5,rider5843@mail.com,9729017653,2023-07-26 12:24:32
6,Rider6,rider6742@mail.com,9622809394,2024-03-07 04:11:59
7,Rider7,rider7950@mail.com,9940744642,2023-07-26 11:02:38
8,Rider8,rider8616@mail.com,9973362868,2024-07-01 21:09:14
9,Rider9,rider9516@mail.com,9101407467,2024-06-08 02:57:49
10,Rider10,rider10165@mail.com,9043497595,2024-08-03 22:52:13
11,Rider11,rider11694@mail.com,9054499200,2023-11-09 16:12:44
12,Rider12,rider12757@mail.com,9389760862,2023-12-21 14:34:37
13,Rider13,rider13167@mail.com,9117770952,2024-02-29 22:00:12
14,Rider14,rider14992@mail.com,9785588627,2024-06-24 19:38:31
15,Rider15,rider15367@mail.com,9815373004,2024-02-23 01:09:08
16,Rider16,rider162@mail.com,9465536469,2024-06-11 23:15:39
17,Rider17,rider17344@mail.com,9257206053,2023-02-02 12:41:58
18,Rider18,rider18384@mail.com,9955428234,2023-01-01 01:14:39
19,Rider19,rider19905@mail.com,9035080522,2024-07-14 00:17:50
20,Rider20,rider20772@mail.com,9939700348,2023-01-19 14:17:59
21,Rider21,rider21847@mail.com,9023929350,2024-08-03 00:04:56
22,Rider22,rider22648@mail.com,9170291295,2023-05-03 16:14:43
23,Rider23,rider23713@mail.com,9924268793,2024-02-14 03:32:51
24,Rider24,rider24936@mail.com,9087970023,2025-03-09 21:20:42
25,Rider25,rider25500@mail.com,9744782568,2024-05-20 18:16:34
26,Rider26,rider26493@mail.com,9389144120,2024-08-01 13:40:18
27,Rider27,rider27886@mail.com,9033903425,2025-03-16 15:04:36
28,Rider28,rider2892@mail.com,9013332143,2024-03-19 23:34:44
29,Rider29,rider29938@mail.com,9835185858,2023-04-16 19:02:10
30,Rider30,rider30544@mail.com,9736716883,2024-05-14 21:40:10
31,Rider31,rider31358@mail.com,9370993326,2024-11-18 16:16:54
32,Rider32,rider32545@mail.com,9013797035,2025-05-06 18:46:30
33,Rider33,rider33676@mail.com,9148580878,2023-12-29 21:48:54
34,Rider34,rider34862@mail.com,9095978528,2023-10-06 08:17:34
35,Rider35,rider35857@mail.com,9991376462,2023-01-14 04:31:53
36,Rider36,rider36115@mail.com,9004897010,2023-10-19 23:46:17
37,Rider37,rider3757@mail.com,9372959349,2025-03-29 16:46:01
38,Rider38,rider3892@mail.com,9166145332,2023-05-09 04:26:11
39,Rider39,rider39199@mail.com,9363587565,2023-05-01 07:52:23
40,Rider40,rider40314@mail.com,9401026617,2023-05-16 16:16:53
41,Rider41,rider41409@mail.com,9962431648,2024-06-26 17:08:54
42,Rider42,rider42262@mail.com,9776842902,2024-07-26 17:58:38
43,Rider43,rider43367@mail.com,9114588381,2024-07-24 08:11:52
44,Rider44,rider44222@mail.com,9416417342,2023-01-15 15:24:42
45,Rider45,rider45507@mail.com,9258755501,2024-04-24 21:05:23
46,Rider46,rider46501@mail.com,9638220209,2024-11-14 13:48:23
47,Rider47,rider47827@mail.com,9291083438,2025-03-01 10:22:53
48,Rider48,rider48735@mail.com,9595461918,2023-07-26 14:20:27
49,Rider49,rider49123@mail.com,9271475458,2024-10-29 05:06:35
50,Rider50,rider50266@mail.com,9424550007,2023-12-27 06:58:48
51,Rider51,rider51881@mail.com,9758320741,2024-09-22 10:43:04
52,Rider52,rider52897@mail.com,9670864338,2024-08-29 09:21:56
53,Rider53,rider53479@mail.com,9201711526,2023-05-19 17:13:27
54,Rider54,rider54152@mail.com,9619606258,2024-01-07 21:01:54
55,Rider55,rider55918@mail.com,9342236981,2023-08-14 20:19:28
56,Rider56,rider56858@mail.com,9114508884,2023-03-14 21:50:27
57,Rider57,rider57571@mail.com,9032612689,2025-03-31 11:18:13
58,Rider58,rider58493@mail.com,9300199144,2024-01-28 00:35:39
59,Rider59,rider59926@mail.com,9721616429,2023-10-14 04:18:10
60,Rider60,rider602@mail.com,9723994747,2024-11-19 09:49:36
61,Rider61,rider61956@mail.com,9635951134,2025-02-17 13:48:10
62,Rider62,rider62535@mail.com,9443453358,2024-10-30 14:37:44
63,Rider63,rider63360@mail.com,9276407456,2025-05-24 06:48:01
64,Rider64,rider64732@mail.com,9606244036,2024-12-13 21:20:20
65,Rider65,rider65492@mail.com,9524368289,2023-12-24 12:51:46
66,Rider66,rider66253@mail.com,9317245818,2025-01-05 06:46:58
67,Rider67,rider67930@mail.com,9432078025,2023-04-07 13:29:49
68,Rider68,rider68771@mail.com,9149767759,2024-06-04 22:58:03
69,Rider69,rider69503@mail.com,9334202399,2023-12-19 08:49:49
70,Rider70,rider70960@mail.com,9890779907,2024-02-26 05:30:00
71,Rider71,rider71733@mail.com,9169365044,2024-04-26 01:28:12
72,Rider72,rider72470@mail.com,9525170190,2024-04-28 22:34:18
73,Rider73,rider73842@mail.com,9308889569,2023-05-07 00:03:20
74,Rider74,rider74212@mail.com,9985113895,2023-07-07 18:38:16
75,Rider75,rider7559@mail.com,9490369797,2025-04-02 05:20:34
76,Rider76,rider76740@mail.com,9433636425,2025-02-18 22:53:24
77,Rider77,rider77161@mail.com,9574435151,2025-01-07 20:40:30
78,Rider78,rider78256@mail.com,9414705169,2023-08-21 04:14:35
79,Rider79,rider7981@mail.com,9534527398,2023-03-31 19:19:14
80,Rider80,rider80471@mail.com,9768748895,2025-01-07 00:56:57
